"","Price","Land_SF","Living_SF","Year","nbeds","nbaths","iEast","iMiddle"
"1",286434,4928,2536,1998,3,2.5,0,1
"2",105103,14674,863,1981,4,1.5,1,0
"3",300454,19108,2225,2003,3,2,0,1
"4",214403,16525,2091,1996,3,2,0,0
"5",176558,16222,1705,2006,3,1.5,0,0
"6",169351,7733,1790,1975,3,2.5,0,1
"7",155750,16514,1837,2008,3,2,0,1
"8",180610,11928,1793,2000,3,1.5,0,1
"9",278483,15088,2540,2016,4,2,1,0
"10",241841,13800,2215,1999,3,2,0,1
"11",119604,12841,1219,1983,3,2.5,0,1
"12",246870,13384,2111,2015,3,2.5,0,1
"13",220197,15216,2103,1992,3,2,0,1
"14",514969,19262,4883,2003,5,2,1,0
"15",299765,14990,2540,2012,3,2,0,1
"16",205858,14030,1779,2007,3,2,0,0
"17",303985,18854,2602,1986,3,2,0,1
"18",251951,17208,3182,1979,3,2.5,0,0
"19",126907,4699,1552,1982,3,1.5,0,0
"20",192356,10737,2128,1997,3,2.5,0,1
"21",203063,16457,2178,2018,3,2,0,0
"22",242642,9705,2352,2007,4,2,1,0
"23",430647,23554,4331,1995,4,2,0,0
"24",252039,14054,2831,2004,3,2,0,1
"25",257529,12618,2334,2008,3,2,0,1
"26",404617,19348,3517,1997,3,2,0,1
"27",286122,13522,3300,1997,3,2,0,0
"28",183667,13641,1894,2015,3,2,0,1
"29",264983,13698,2430,2016,3,2,0,1
"30",223196,17718,2006,1993,3,2.5,0,0
"31",251332,12173,2473,1999,3,2,0,0
"32",226268,11680,2206,2000,3,2,0,0
"33",260705,19035,2825,2000,3,2,0,0
"34",247086,20966,3063,2018,4,2,1,0
"35",153910,6658,1803,1991,3,2,0,0
"36",423811,17730,4212,2004,4,2,0,1
"37",393275,17295,4455,2001,5,2,1,0
"38",194983,14411,2087,1993,3,2,0,0
"39",314406,17005,3572,2000,3,2,0,1
"40",138346,10688,1219,2011,3,1.5,0,1
"41",367351,22288,4095,2004,5,2,1,0
"42",141194,14252,1298,2012,3,1.5,0,0
"43",160075,14822,1731,1978,4,1.5,1,0
"44",188171,15670,1851,1997,3,2,0,0
"45",405650,17281,4518,1973,4,2,0,1
"46",330056,23214,3736,2002,3,2,0,1
"47",181161,23952,2240,2000,4,2,1,0
"48",204450,12638,1736,2001,3,1.5,0,1
"49",170737,15412,1482,1976,3,2,0,0
"50",184628,8067,1994,1991,3,2,0,1
"51",297956,14160,2530,2008,3,2,0,0
"52",185488,17400,1718,2003,3,2,0,1
"53",294561,16141,3482,1992,4,2,1,0
"54",202355,7209,2224,1974,3,2,0,0
"55",81311,9117,788,2014,3,1.5,0,1
"56",218682,17147,2278,2014,3,2,0,1
"57",431749,14316,3557,1998,3,2,0,0
"58",172052,18742,1396,2003,4,1.5,1,0
"59",185397,10853,1485,2002,3,1.5,0,1
"60",267792,13866,2704,2010,3,2,0,1
"61",173019,11993,2086,1981,3,2,0,1
"62",198269,12968,2653,2000,4,2,1,0
"63",238365,12235,2292,1999,3,2,0,0
"64",239018,13444,2183,1997,3,2,0,1
"65",280695,14953,3243,2012,3,2.5,0,0
"66",221369,11438,2080,2018,3,2,0,1
"67",129684,12496,1281,2017,3,1.5,0,1
"68",460718,23064,5657,2017,4,2,0,0
"69",260910,14072,2946,2015,3,2.5,0,0
"70",304725,18824,3311,1970,3,2.5,0,1
"71",217771,9948,2029,1992,3,2,0,1
"72",97017,15492,926,2014,2,1,0,0
"73",351200,18000,2987,2013,3,2,0,1
"74",160860,5787,1423,2005,3,1.5,0,0
"75",271722,10201,2309,2009,3,2,0,1
"76",154217,7765,1952,1996,3,2,0,0
"77",212183,17486,1866,2018,3,2.5,0,1
"78",305530,15386,3194,2003,3,2,0,1
"79",127222,11323,1314,1983,3,1.5,0,0
"80",221284,16397,2333,2012,3,2,0,1
"81",324216,14862,3508,1998,3,2,0,1
"82",158868,14067,1820,1985,3,2.5,0,1
"83",239090,20141,2841,1976,4,2,1,0
"84",151476,14024,1475,1998,4,1.5,1,0
"85",241520,15634,3616,2007,3,2,0,1
"86",274209,13902,2194,2004,3,2,0,0
"87",217179,16222,2031,2004,3,2,0,1
"88",277250,20729,2409,2015,4,2,1,0
"89",300623,19531,2596,2001,3,2,0,1
"90",173094,13849,1724,2000,4,1.5,1,0
"91",211450,13805,2099,2014,3,2,0,1
"92",183174,16230,1629,1979,4,1.5,1,0
"93",271036,17359,2374,1990,3,2,0,1
"94",302279,17151,3516,2014,3,2,0,1
"95",282807,19527,2994,2013,3,2.5,0,0
"96",208890,11735,1968,2014,4,2,1,0
"97",271160,17438,2872,2006,3,2,0,1
"98",184130,9366,2230,1979,3,2,0,0
"99",114272,10598,1059,1981,3,1.5,0,1
"100",269209,13912,1933,2005,3,2,0,0
"101",207402,8909,2492,1985,3,2.5,0,0
"102",150154,12868,1536,2015,3,1.5,0,1
"103",83636,12911,794,1987,2,1,0,0
"104",201901,11785,1796,2008,4,1.5,1,0
"105",323760,14446,2937,2019,3,2,0,1
"106",198662,13141,2339,1974,3,2,0,1
"107",137130,14890,1264,1989,3,1.5,0,1
"108",271919,18035,2710,1989,3,2,0,0
"109",205211,13621,1955,2011,3,2,0,1
"110",449127,20454,4450,1997,5,2,1,0
"111",329478,15519,2830,2011,3,2,0,1
"112",272785,11384,3182,1975,3,2,0,1
"113",469421,18934,4671,2014,5,2,1,0
"114",252736,13072,3267,2006,3,2,0,1
"115",363895,18141,2609,1997,3,2,0,1
"116",195275,11598,1742,2015,3,1.5,0,0
"117",182328,8577,1957,1991,3,2,0,1
"118",180948,13959,1763,2013,3,1.5,0,1
"119",125823,3695,1219,1977,3,1.5,0,1
"120",246449,12049,2935,2014,3,2,0,1
"121",314864,14141,2994,1985,3,2,0,0
"122",162350,12290,1491,1976,3,1.5,0,1
"123",264099,13011,2851,1981,3,2.5,0,1
"124",300361,19623,2659,2017,3,2,0,1
"125",128270,12092,945,2008,3,1.5,0,0
"126",169381,15258,1885,1997,3,2,0,0
"127",235249,9959,2229,1990,3,2.5,0,1
"128",205401,14321,2693,1973,3,2,0,1
"129",307398,16372,3191,1999,3,2,0,1
"130",223907,18217,2075,1997,4,2.5,1,0
"131",264304,17641,2252,2017,3,2,0,1
"132",167555,11358,2194,1996,3,2,0,0
"133",180225,15504,1872,2003,4,2,1,0
"134",172372,9898,2119,1976,3,2.5,0,0
"135",198973,16885,1732,1998,3,2.5,0,0
"136",206701,17056,2048,2008,3,2.5,0,0
"137",232292,21334,2344,1984,3,2,0,1
"138",178759,14175,1572,2002,3,1.5,0,0
"139",113523,9089,1019,2005,3,2,0,1
"140",145678,14994,1416,2010,4,2.5,1,0
"141",217926,10711,2241,2000,4,2,1,0
"142",198586,16493,2187,2018,3,2,0,1
"143",205996,14391,2399,2013,3,2,0,1
"144",244604,10789,2177,1991,3,2.5,0,0
"145",154687,12507,1682,2015,3,1.5,0,0
"146",180830,11238,1618,2010,3,1.5,0,1
"147",198469,8514,1697,2001,3,1.5,0,1
"148",180585,9859,1626,1996,4,1.5,1,0
"149",294553,16050,2424,1991,3,2,0,1
"150",469257,17119,5353,2019,4,2,0,0
"151",311572,16365,2999,2006,4,2,1,0
"152",347152,13573,3369,2009,3,2,0,1
"153",504882,18073,5341,1997,4,2,0,0
"154",164630,16457,1930,2009,3,2,0,1
"155",217808,12014,1639,2014,4,2.5,1,0
"156",160570,11952,1672,2011,3,1.5,0,1
"157",210855,13461,2133,2014,3,2,0,1
"158",371724,11938,3732,2008,4,2,1,0
"159",401617,16371,3649,1988,3,2,0,1
"160",244523,17029,2246,2012,3,2,0,1
"161",267728,21846,2919,1987,3,2,0,0
"162",235505,9897,2435,2007,3,2,0,0
"163",227477,16207,2051,2012,3,2,0,1
"164",167742,11351,2076,2002,4,2,1,0
"165",90148,14012,931,1989,4,2.5,1,0
"166",239919,14113,1850,2008,3,2,0,0
"167",133411,16343,1119,1990,4,1.5,1,0
"168",167265,22133,2342,1993,3,2.5,0,1
"169",268786,17065,3014,2010,4,2,1,0
"170",397544,15881,2991,2002,3,2.5,0,1
"171",205877,17077,2615,1988,3,2,0,1
"172",366266,19550,3553,2008,3,2,0,0
"173",512957,23730,5883,2005,4,2,0,1
"174",197835,7533,1526,2019,3,1.5,0,1
"175",243463,22393,2101,2002,4,2.5,1,0
"176",198466,11748,2051,1977,3,2,0,1
"177",267806,18623,2337,1985,3,2,0,1
"178",353352,21212,2632,1995,3,2,0,0
"179",228665,16328,2920,1998,4,2,1,0
"180",300441,14182,2941,2010,3,2,0,0
"181",242604,13956,2743,2008,3,2,0,1
"182",329279,15721,3708,1999,4,2,1,0
"183",309138,14301,2581,2009,3,2,0,1
"184",231537,13062,2479,2013,4,2,1,0
"185",505837,18042,3744,2014,3,2.5,0,0
"186",274330,13375,2134,2012,3,2,0,0
"187",361231,19390,4071,2010,4,2,0,1
"188",279678,6164,2448,2010,4,2,1,0
"189",265510,17216,2715,2001,3,2,0,1
"190",214402,12299,1879,2019,3,2,0,1
"191",189156,14912,1861,1972,3,2,0,1
"192",198287,15392,1730,2008,3,1.5,0,1
"193",338537,10877,2476,2017,3,2,0,1
"194",110284,14061,831,1994,2,1,0,1
"195",176639,16132,1496,2018,3,1.5,0,0
"196",352127,14966,3717,2003,3,2,0,1
"197",275190,20962,2121,2007,3,2,0,0
"198",130548,15044,1259,1991,3,2,0,1
"199",176818,13810,1929,2016,3,2,0,1
"200",211190,10966,2794,2017,3,2,0,0
"201",240138,16985,2515,2011,4,2,1,0
"202",413206,24867,4589,1986,5,2,1,0
"203",167154,15110,1815,2008,3,2.5,0,0
"204",208671,15104,1453,1990,3,2,0,0
"205",338253,10081,2893,1992,4,2,1,0
"206",133214,20538,1209,2008,4,1.5,1,0
"207",223151,14947,2307,2017,3,2,0,1
"208",228919,12393,3242,1993,3,2,0,0
"209",545172,17554,5506,2007,4,2,0,0
"210",387914,16373,3993,2015,4,2,0,0
"211",170129,17042,2005,1984,3,2,0,1
"212",153577,11348,1333,1984,4,1.5,1,0
"213",183717,13798,1693,1998,3,1.5,0,0
"214",207730,14812,1548,2014,3,1.5,0,1
"215",202975,14047,2363,1992,4,2,1,0
"216",153297,10729,1545,2014,3,2.5,0,1
"217",146256,16616,1660,1981,3,1.5,0,1
"218",177780,11399,1358,1985,3,1.5,0,1
"219",249438,21546,3094,2006,3,2,0,1
"220",322667,13815,3187,2015,4,2.5,1,0
"221",344072,20551,3718,1999,4,2.5,1,0
"222",285644,18487,2199,2015,4,2,1,0
"223",254445,19639,2422,1993,3,2,0,1
"224",386485,19734,3747,2010,3,2.5,0,1
"225",330015,19829,3517,2008,3,2,0,1
"226",534670,15821,6310,1997,4,3.5,0,1
"227",279770,17905,3361,1978,3,2,0,1
"228",218146,17738,2567,2011,4,2,1,0
"229",233982,20447,2135,1989,4,2,1,0
"230",255836,17751,2924,1974,3,2.5,0,0
"231",276492,12151,1843,2016,3,2,0,0
"232",490634,22727,4389,2010,4,2,0,0
"233",284022,12349,3032,1973,3,2,0,1
"234",309978,17949,3159,2017,4,2,1,0
"235",153752,11294,1662,2001,3,1.5,0,1
"236",544800,20436,5357,1984,4,2,0,1
"237",247580,14757,2299,1992,3,2,0,1
"238",236197,16744,2708,2018,3,2,0,1
"239",223926,14716,2453,2008,3,2,0,0
"240",302819,20619,3636,1986,3,2,0,1
"241",134987,15967,1065,2003,3,2.5,0,1
"242",280019,17225,2655,1995,3,2,0,0
"243",269467,14532,3176,2014,4,2,1,0
"244",263172,14124,2397,2009,3,2,0,1
"245",156440,11297,1196,1973,3,1.5,0,1
"246",285424,14939,2957,1978,3,2,0,0
"247",189615,10423,1901,2014,3,2,0,1
"248",142656,21024,1668,1974,3,1.5,0,0
"249",205780,16934,1469,2010,4,1.5,1,0
"250",510171,15600,4914,2015,5,2,1,0
"251",220299,16226,1806,1988,3,2,0,1
"252",545187,23344,4326,1997,4,2.5,1,0
"253",225596,9134,2276,1979,3,2,0,0
"254",194443,17384,1864,2002,3,2,0,1
"255",447349,14949,4719,2015,3,2,0,1
"256",192223,17420,1977,1988,3,2,0,0
"257",256339,12405,2313,2015,3,2.5,0,1
"258",205117,12113,1763,2016,3,1.5,0,1
"259",197899,10773,2282,2014,3,2,0,1
"260",277536,11448,2450,1971,3,2,0,1
"261",285164,19032,3687,1992,3,2,0,1
"262",196517,14046,2197,2017,4,2,1,0
"263",279290,11447,2574,2017,3,2,0,1
"264",303785,13286,2289,2018,4,2,1,0
"265",161222,19795,1667,2011,3,1.5,0,1
"266",222019,13832,1612,2013,3,1.5,0,1
"267",285564,22547,3839,1983,4,2,0,1
"268",195986,11996,1603,2018,3,2.5,0,1
"269",238235,17200,2134,2003,3,2,0,1
"270",413975,14937,3042,2017,4,2,1,0
"271",312911,23868,3176,1989,3,2,0,0
"272",226747,9813,1932,2018,4,2,1,0
"273",227737,13699,2768,2008,3,2,0,1
"274",287822,13752,1956,2019,3,2.5,0,1
"275",283316,11541,2231,2017,3,2,0,1
"276",289215,15877,2692,2019,4,2,1,0
"277",270121,14715,2392,2009,3,2,0,1
"278",139107,15796,1102,2016,3,1.5,0,1
"279",220644,11575,2516,2007,3,2.5,0,1
"280",202512,13062,2203,2006,4,2,1,0
"281",266923,15823,2796,1998,4,2,1,0
"282",244094,19366,2169,2006,4,2,1,0
"283",147796,16760,1607,1983,3,1.5,0,0
"284",105045,8626,1057,2010,3,1.5,0,0
"285",306529,22367,3378,1993,3,2,0,1
"286",328413,15365,3719,1973,3,2,0,0
"287",136058,8957,1179,2016,3,1.5,0,1
"288",325849,18140,3931,2004,4,2,0,1
"289",369037,13647,3743,2012,4,2,1,0
"290",260142,9477,2826,2003,4,2.5,1,0
"291",287187,14745,2218,2013,3,2,0,1
"292",192335,17825,1443,1986,3,1.5,0,1
"293",222941,12656,2457,2000,4,2,1,0
"294",223073,16875,2092,1997,3,2,0,1
"295",409293,18244,3367,2014,3,2,0,1
"296",191075,9563,1861,2015,3,2,0,0
"297",171569,12035,1646,1999,3,1.5,0,0
"298",348800,12546,2681,2017,3,2,0,1
"299",448548,23306,3863,2019,4,2,0,1
"300",126056,8035,1172,2015,4,1.5,1,0
"301",255408,18226,2577,1972,3,2,0,1
"302",283304,15311,2574,2005,4,2.5,1,0
"303",210905,17187,1744,1988,3,1.5,0,1
"304",86245,7433,1029,1972,3,1.5,0,1
"305",348959,19542,3453,1992,3,2.5,0,0
"306",142562,11068,1151,2001,3,2.5,0,1
"307",205449,10219,1533,2012,3,1.5,0,1
"308",336027,17106,3188,2010,3,2,0,1
"309",153029,15427,1573,2017,3,2,0,1
"310",514812,20657,5760,2005,3,2.5,0,1
"311",159360,9218,1588,2011,3,1.5,0,0
"312",401994,15151,3707,2000,3,2,0,1
"313",220348,10804,2202,2016,3,2,0,0
"314",245372,15571,2659,2013,3,2,0,1
"315",412783,19313,3659,1995,3,2,0,0
"316",360193,19732,3410,1976,4,2,1,0
"317",382367,20234,3916,2003,4,2,0,1
"318",374406,13113,3672,1981,3,2,0,0
"319",119327,5212,1177,2017,3,1.5,0,1
"320",260494,16596,1962,2017,3,2,0,0
"321",188421,17624,1721,2010,4,1.5,1,0
"322",187201,15930,1798,1987,4,1.5,1,0
"323",406327,17795,2718,1973,3,2,0,1
"324",236902,16908,2411,2019,3,2,0,0
"325",313955,18696,3531,2016,3,2,0,1
"326",160458,10566,1683,2001,4,1.5,1,0
"327",285990,14703,2439,2014,3,2,0,1
"328",200522,20513,1698,2008,3,2.5,0,0
"329",499598,15803,4942,2019,3,2,0,1
"330",276645,15704,2856,1993,3,2,0,1
"331",234923,12158,2766,1992,3,2.5,0,1
"332",372603,13004,3106,1991,3,2.5,0,1
"333",252063,13807,1743,1974,3,1.5,0,0
"334",123612,12007,919,2018,2,1,0,0
"335",230772,14471,3581,1985,3,2,0,1
"336",138765,13717,1344,2001,4,1.5,1,0
"337",377295,21177,3951,2019,4,2,0,1
"338",197035,20730,1746,2003,3,2,0,1
"339",130071,9749,1195,2008,3,2,0,0
"340",186737,14642,1910,1991,3,2,0,1
"341",349573,17808,4562,2009,4,2,0,0
"342",144513,15875,1105,1972,3,1.5,0,0
"343",165808,12560,1573,1991,3,1.5,0,1
"344",273621,13581,2218,2017,3,2,0,1
"345",273219,18475,2185,1978,3,2.5,0,1
"346",233153,13681,1937,2008,3,2.5,0,1
"347",129880,18070,1261,2013,3,2.5,0,1
"348",366215,23240,4463,1981,5,2,1,0
"349",148696,11325,1496,1978,3,1.5,0,1
"350",169122,16779,1379,2012,3,1.5,0,1
"351",302402,21832,2574,2010,3,2,0,1
"352",323106,18309,3161,2017,3,2,0,0
"353",224317,17094,2801,2015,3,2,0,1
"354",191289,12051,2096,1991,3,2,0,1
"355",189321,12227,1863,2010,3,2,0,1
"356",107981,13711,1103,2015,4,1.5,1,0
"357",292988,22804,2802,1982,3,2,0,0
"358",341099,17586,3965,2018,4,2,0,1
"359",273384,16355,2653,1979,3,2,0,1
"360",231747,15409,2238,2015,3,2,0,1
"361",364952,20490,4321,1991,4,2,0,0
"362",205544,12782,1452,1978,3,2,0,1
"363",316135,19055,3161,2006,3,2.5,0,1
"364",130703,9914,837,2018,3,1.5,0,0
"365",153111,11829,1585,1994,3,2,0,1
"366",220575,11543,1883,2015,3,2.5,0,0
"367",245974,18047,2073,2018,3,2,0,1
"368",226271,19884,3068,1998,3,2.5,0,1
"369",298591,13056,3389,2001,4,2,1,0
"370",175097,17651,1328,1982,3,1.5,0,1
"371",172875,15979,2041,2009,3,2.5,0,0
"372",258224,14529,2150,1995,4,2,1,0
"373",373730,15865,3337,1992,3,2,0,0
"374",215515,13918,2179,2000,3,2,0,1
"375",210155,11590,2013,1990,4,2,1,0
"376",183903,13699,1368,2017,3,1.5,0,0
"377",250710,11134,3129,2006,3,2,0,0
"378",208772,13375,1953,2009,3,2.5,0,0
"379",232434,14769,2555,2014,3,2,0,0
"380",228878,8878,2121,1993,3,2,0,1
"381",583446,19943,6333,2014,4,3.5,0,0
"382",177068,16771,1695,1985,3,1.5,0,1
"383",216650,5761,2821,1999,3,2,0,0
"384",234520,9158,2200,2008,3,2,0,1
"385",151931,15242,1429,1975,4,1.5,1,0
"386",564412,14767,4331,2007,4,2,0,1
"387",246886,13223,3426,1994,3,2,0,1
"388",319410,20651,3401,1985,3,2,0,1
"389",345478,17322,2622,2001,3,2,0,1
"390",268702,25852,2170,2004,4,2,1,0
"391",176111,12674,2729,2002,3,2,0,0
"392",260076,17521,2869,2011,3,2.5,0,0
"393",274825,13468,2367,2019,3,2,0,0
"394",327192,18306,2846,1996,3,2,0,1
"395",262866,9879,2643,1988,3,2,0,1
"396",310751,17660,3067,2014,3,2,0,1
"397",305266,14693,2685,1993,3,2,0,0
"398",230497,23032,2514,1978,3,2.5,0,0
"399",374047,12765,3222,2011,3,2.5,0,1
"400",313844,16937,2566,2001,3,2,0,0
"401",191105,13074,1758,2015,3,1.5,0,0
"402",203733,8996,2170,2018,3,2,0,1
"403",225224,13271,2283,2000,3,2,0,1
"404",190986,10224,1765,1995,3,1.5,0,0
"405",254605,11465,2399,1998,3,2.5,0,0
"406",307742,17582,3097,1991,3,2,0,1
"407",439642,27553,4937,1996,4,2,0,1
"408",207290,17589,1840,1999,3,2,0,1
"409",298557,15126,3136,1991,3,2,0,0
"410",178707,11800,2051,1994,3,2,0,1
"411",563807,18142,4440,2011,4,2,0,1
"412",242471,14842,2369,2017,3,2,0,1
"413",235543,14628,1808,2007,4,2,1,0
"414",263439,16280,2624,1993,4,2,1,0
"415",186992,16021,2239,1980,3,2.5,0,1
"416",260993,12617,2430,1996,3,2,0,0
"417",130105,13234,1430,2012,3,1.5,0,0
"418",345318,17911,2889,2009,3,2,0,1
"419",418183,14521,3147,2016,3,2,0,1
"420",332987,16214,3111,2002,3,2,0,0
"421",125644,9506,1312,2012,4,1.5,1,0
"422",222881,15515,1819,2011,3,2,0,1
"423",152938,18703,1280,1987,3,1.5,0,0
"424",90135,7528,684,2011,4,2.5,1,0
"425",385704,19458,3167,2017,3,2,0,1
"426",288599,19141,3573,2008,3,2,0,0
"427",154377,10518,1756,2006,4,1.5,1,0
"428",167424,19363,1381,2015,4,1.5,1,0
"429",311644,18915,3151,2002,3,2,0,1
"430",415325,25289,4095,2016,3,2.5,0,1
"431",235394,12984,2087,2018,4,2,1,0
"432",287498,18443,2876,1987,3,2,0,1
"433",197796,11996,2055,1992,3,2,0,1
"434",168013,18448,1837,2008,3,2,0,1
"435",224549,14366,2357,2013,3,2.5,0,1
"436",444651,20895,4253,1975,4,2,0,0
"437",210890,16284,2352,1995,3,2,0,0
"438",416940,13044,3517,2003,3,2,0,1
"439",376654,14631,3593,1996,3,2,0,1
"440",347174,14761,3608,2002,3,2,0,1
"441",136403,9876,1728,2016,3,1.5,0,0
"442",281867,14280,2515,1982,3,2,0,1
"443",439421,17305,5061,1996,4,2,0,1
"444",268007,15266,2922,2007,4,2,1,0
"445",241953,11376,1980,2005,4,2,1,0
"446",103470,8013,919,2018,3,2,0,0
"447",247252,14720,2600,2001,3,2,0,1
"448",309393,15143,3017,2015,3,2,0,1
"449",273996,10742,2367,2004,4,2,1,0
"450",274571,14869,2544,2004,3,2.5,0,1
"451",264026,17621,3008,1989,3,2,0,1
"452",340846,14884,2883,1986,3,2,0,1
"453",161457,12147,876,2013,3,1.5,0,0
"454",357910,8219,4052,1988,4,2.5,1,0
"455",234308,14568,2388,2007,3,2,0,1
"456",250846,13194,2351,2011,3,2.5,0,1
"457",302897,18550,2685,1989,3,2,0,1
"458",316065,16699,3501,1996,3,2,0,1
"459",225591,14073,2548,1979,4,2,1,0
"460",157599,11654,1318,2008,3,1.5,0,1
"461",236340,11221,2943,2007,3,2,0,1
"462",458026,20161,5262,1988,5,2,1,0
"463",211384,12601,1390,1987,4,1.5,1,0
"464",191704,16707,1746,2011,4,1.5,1,0
"465",155522,16631,1790,1990,3,2.5,0,0
"466",401518,11297,4093,2011,4,2,0,1
"467",166669,7936,1419,2014,3,1.5,0,1
"468",185692,16142,1643,1981,3,2,0,1
"469",363049,8148,3427,2002,3,2,0,0
"470",154738,12249,1807,1997,3,2,0,0
"471",161788,15954,1605,1988,3,1.5,0,0
"472",292698,18435,2752,1972,3,2,0,1
"473",338913,17691,4787,2019,4,2,0,1
"474",263660,20933,2730,2001,3,2,0,1
"475",278757,13825,3000,1987,3,2.5,0,0
"476",265477,9278,2649,1997,4,2.5,1,0
"477",312632,18957,2316,2009,3,2,0,1
"478",111178,12667,898,2010,4,2.5,1,0
"479",572069,20612,7572,2012,4,3.5,0,1
"480",287540,17242,2390,2009,4,2,1,0
"481",159083,15760,1349,2003,4,2.5,1,0
"482",416318,17026,3763,2016,3,2,0,1
"483",172042,11031,1876,1971,3,2,0,0
"484",134614,14249,1213,2019,3,1.5,0,1
"485",282513,10165,2630,2018,3,2,0,1
"486",411451,15681,4423,2019,5,2,1,0
"487",177194,9675,1427,2004,3,2.5,0,1
"488",189761,15436,1740,1996,4,1.5,1,0
"489",248303,20332,3109,2002,3,2,0,0
"490",156260,11761,1324,2012,3,1.5,0,0
"491",134181,7926,1297,2012,3,1.5,0,1
"492",192107,16927,2468,2007,3,2,0,1
"493",392930,22628,3746,2013,4,2,1,0
"494",231918,12482,2373,2006,3,2.5,0,1
"495",249771,14865,2871,2019,3,2,0,1
"496",194347,12649,2511,2010,3,2,0,1
"497",350388,16361,2646,1974,4,2,1,0
"498",228448,12419,1624,2015,3,1.5,0,0
"499",307027,15470,2946,2018,3,2,0,1
"500",561749,18938,6215,2017,4,3.5,0,0
"501",295489,9717,4064,1995,5,2,1,0
"502",327184,15013,3079,2003,3,2.5,0,1
"503",168452,15831,1658,1980,3,1.5,0,1
"504",172075,14585,1712,2000,3,2.5,0,1
"505",489603,23706,5139,1984,5,2,1,0
"506",206045,15009,1950,2016,4,2,1,0
"507",266567,14532,3102,2012,3,2,0,1
"508",172975,13024,1715,2003,3,1.5,0,0
"509",359371,19362,3712,1983,3,2,0,1
"510",219770,11606,2445,2017,3,2,0,0
"511",190985,17173,1878,2017,3,2,0,0
"512",285324,21814,2502,2012,3,2,0,0
"513",161189,12262,1530,1978,3,1.5,0,0
"514",237916,16394,2122,2013,3,2,0,1
"515",181286,15037,1592,2019,3,2.5,0,1
"516",162638,20015,1486,2012,3,1.5,0,1
"517",120101,13873,1178,1979,3,1.5,0,1
"518",285082,13111,2489,2017,3,2,0,1
"519",242798,16013,2500,1975,4,2,1,0
"520",225031,11045,2160,2006,3,2,0,1
"521",573509,28842,5674,1996,4,2,0,0
"522",114357,7060,965,1996,3,1,1,0
"523",359341,14361,3638,2015,3,2,0,0
"524",211025,14382,2341,2016,3,2.5,0,1
"525",322251,16201,3848,2012,4,2,0,1
"526",241338,16411,2460,2016,3,2,0,1
"527",259474,18150,2425,1998,3,2,0,0
"528",166821,9964,1661,1999,4,1.5,1,0
"529",146490,8711,1322,2018,3,1.5,0,1
"530",303987,11842,2234,2004,3,2,0,1
"531",266228,16220,2601,1993,4,2,1,0
"532",189250,5970,1540,2001,3,1.5,0,1
"533",185274,10034,1741,2014,3,1.5,0,1
"534",398108,16655,4226,2000,3,2.5,0,1
"535",258010,13196,2112,2019,4,2.5,1,0
"536",202003,8900,2312,2012,3,2.5,0,1
"537",330157,14856,2805,2016,4,2,1,0
"538",318746,12052,2645,2019,4,2,1,0
"539",166060,13975,1721,2008,3,1.5,0,1
"540",300567,14767,3524,2019,3,2,0,0
"541",298604,12087,2748,2010,3,2,0,0
"542",186003,10276,1948,1996,3,2,0,1
"543",164226,14612,1420,1983,3,2,0,0
"544",227786,9145,1658,1977,4,1.5,1,0
"545",167382,9972,1693,2004,3,1.5,0,1
"546",364889,10534,3299,1999,3,2,0,0
"547",157766,10308,1393,2016,3,1.5,0,1
"548",416636,19053,4608,2015,3,2.5,0,1
"549",275782,12055,2807,2009,3,2.5,0,1
"550",308848,22200,3008,2013,3,2,0,0
"551",227086,18047,1865,2014,4,2,1,0
"552",181489,13545,2509,1978,3,2,0,1
"553",288640,12793,2793,2007,3,2,0,1
"554",253865,14050,3005,1995,3,2,0,1
"555",235659,10042,2630,2012,3,2.5,0,1
"556",185367,14153,1710,1977,3,1.5,0,1
"557",159515,16274,1419,1990,3,1.5,0,1
"558",148712,17019,1203,1985,3,1.5,0,0
"559",201175,17774,1590,2014,3,1.5,0,0
"560",130218,12066,1122,2007,3,1.5,0,0
"561",302522,13656,2508,2012,3,2,0,1
"562",329486,15546,2344,2019,3,2,0,0
"563",270628,15464,3598,2004,3,2,0,0
"564",295372,15950,2478,2019,3,2.5,0,0
"565",289366,17660,2957,1971,3,2,0,1
"566",132335,14284,1337,2011,3,1.5,0,0
"567",311036,22155,2739,2011,3,2,0,0
"568",187671,10400,1696,2015,4,2,1,0
"569",524068,25287,4676,2007,4,2,0,1
"570",278871,16654,2483,2013,3,2,0,1
"571",286765,11826,3189,2012,3,2.5,0,1
"572",268178,17157,2796,2011,3,2,0,1
"573",257898,18786,2823,2002,3,2,0,1
"574",507974,23743,5083,2016,3,2,0,0
"575",278923,9171,2776,2011,3,2,0,0
"576",313105,15023,4017,2013,4,2,0,0
"577",118780,9741,1035,2009,3,1.5,0,0
"578",209310,10640,1766,2011,3,2.5,0,1
"579",177908,7203,2256,1981,3,2,0,1
"580",157373,12876,1406,2006,3,2.5,0,0
"581",218417,12484,1575,2018,4,1.5,1,0
"582",309753,17193,2805,2006,3,2,0,0
"583",393457,13691,3290,2017,3,2,0,0
"584",142407,19099,1195,2007,3,2,0,0
"585",199332,16663,1965,1988,3,2,0,1
"586",137397,7881,1590,2004,3,1.5,0,0
"587",160620,15340,1557,2002,3,1.5,0,0
"588",353789,18595,3031,1995,3,2,0,1
"589",134928,15009,1151,2000,3,1.5,0,0
"590",440751,14949,3221,2014,3,2.5,0,1
"591",197829,11979,2008,2006,3,2,0,0
"592",361249,21113,3501,2010,3,2,0,0
"593",249279,13450,2419,1980,3,2,0,0
"594",140188,11432,1563,2006,3,1.5,0,1
"595",294273,12298,3117,2019,3,2,0,1
"596",144762,10674,1061,2007,3,1.5,0,1
"597",239635,16684,2893,1992,4,2,1,0
"598",286505,14279,2884,2013,3,2,0,1
"599",165493,18391,1407,2009,3,1.5,0,1
"600",229751,8359,2511,2016,3,2,0,1
"601",132930,6391,1110,2014,4,1.5,1,0
"602",203417,20060,1871,2016,3,2,0,1
"603",376943,16593,4174,2004,4,2,0,1
"604",269329,13866,3343,1992,3,2,0,1
"605",120685,11784,1187,1995,4,1.5,1,0
"606",307219,18007,3829,1977,4,2.5,0,0
"607",252245,12085,3010,1981,4,2,1,0
"608",308461,19941,2725,2013,3,2,0,1
"609",149670,8084,1341,1977,3,1.5,0,0
"610",130626,18459,1636,1971,3,1.5,0,0
"611",230781,8390,1782,2006,3,1.5,0,0
"612",367656,24200,3148,2014,4,2,1,0
"613",108966,10097,1040,1985,3,1.5,0,1
"614",157056,12319,1774,1996,3,2,0,1
"615",241848,12485,2165,1992,3,2,0,1
"616",383146,19648,3823,2014,5,2,1,0
"617",241683,19058,2434,2011,3,2.5,0,1
"618",220405,18074,2425,1998,4,2.5,1,0
"619",362755,19347,4401,1994,5,2.5,1,0
"620",257704,11768,2046,2006,3,2.5,0,0
"621",229706,4914,1998,1999,4,2.5,1,0
"622",182162,10670,1940,1980,3,2,0,1
"623",199075,10695,1472,2007,3,1.5,0,1
"624",198459,14371,2458,1986,3,2.5,0,1
"625",192636,14956,1746,2017,3,1.5,0,1
"626",233423,15340,2531,1999,3,2,0,1
"627",355548,24500,3673,1989,3,2,0,0
"628",372872,18564,3366,2006,3,2.5,0,1
"629",251395,14316,2257,2004,3,2,0,1
"630",228645,18824,2259,2018,3,2,0,0
"631",173750,14035,1916,1999,3,2.5,0,1
"632",434638,20899,3645,1982,4,2,1,0
"633",574741,15513,4230,2019,3,2.5,0,0
"634",200929,11411,2305,2014,3,2,0,0
"635",150337,12536,1733,2001,4,1.5,1,0
"636",150220,15277,1391,2012,3,1.5,0,1
"637",200026,13142,2181,1996,3,2,0,1
"638",177045,9698,1502,2018,3,1.5,0,1
"639",354996,20800,3355,2018,3,2,0,1
"640",234958,13069,1965,2011,3,2,0,0
"641",159389,14409,1682,2006,3,1.5,0,0
"642",234358,10846,1934,2014,3,2,0,0
"643",229066,14828,2199,2016,3,2,0,0
"644",224028,13182,2157,1999,3,2,0,1
"645",111620,15423,1068,2010,3,1.5,0,0
"646",366768,16674,3540,2010,3,2,0,1
"647",343517,16478,3377,2010,3,2,0,0
"648",338372,17859,4125,2015,4,2.5,1,0
"649",219847,15047,2103,1999,3,2,0,1
"650",456809,15238,4012,2018,4,2,0,1
"651",132809,10780,1072,2016,3,1.5,0,1
"652",207159,12620,1960,2017,4,2,1,0
"653",285592,12499,2848,1999,3,2,0,1
"654",185689,16164,1801,1996,3,2,0,1
"655",375631,18002,3972,1990,4,2,0,1
"656",539401,15466,4219,2002,5,2.5,1,0
"657",203220,14811,1666,1992,3,1.5,0,1
"658",563530,21129,5621,2008,3,2.5,0,1
"659",259654,7642,2168,2005,3,2.5,0,1
"660",214249,12670,2330,2014,3,2.5,0,1
"661",487207,19576,3993,2018,4,2,1,0
"662",194135,11867,2322,1982,4,2,1,0
"663",250603,11868,1928,2005,4,2.5,1,0
"664",391082,12526,3233,1998,4,2,1,0
"665",338627,16919,2486,1979,3,2,0,1
"666",229791,17649,2671,1989,3,2,0,0
"667",356468,16752,3339,1994,3,2.5,0,0
"668",261584,21202,3040,1994,3,2,0,1
"669",320953,24841,3853,2002,3,2.5,0,0
"670",401908,11401,4220,1991,4,2,0,1
"671",268741,20330,2487,1997,4,2.5,1,0
"672",135852,7798,1322,2014,3,1.5,0,0
"673",217797,20654,2245,1986,3,2,0,0
"674",283439,22359,2851,1983,3,2,0,0
"675",96839,8899,1001,1998,4,1.5,1,0
"676",311737,17499,2680,2009,4,2,1,0
"677",177119,11072,1390,2015,4,2,1,0
"678",237491,7771,2138,2018,3,2,0,1
"679",131912,13168,1446,1993,3,2.5,0,0
"680",356773,16179,3133,2009,3,2,0,1
"681",322471,17053,2760,1981,3,2.5,0,1
"682",354739,13756,4548,1975,4,2,0,1
"683",296351,13144,3202,2013,3,2.5,0,1
"684",282403,16571,2388,1990,3,2,0,1
"685",183941,11718,1750,1993,3,1.5,0,0
"686",295445,15722,3210,2015,4,2,1,0
"687",262754,19718,2813,2004,3,2,0,1
"688",263748,15913,2612,2017,3,2,0,0
"689",320750,15020,3358,1983,3,2,0,1
"690",90495,13078,819,1991,3,1.5,0,1
"691",179997,13969,1859,2018,3,2,0,1
"692",210081,13004,2322,2010,3,2,0,1
"693",190221,16683,2237,1991,3,2.5,0,1
"694",252507,10728,2573,2018,4,2,1,0
"695",299046,17696,2949,2019,3,2.5,0,1
"696",257178,18656,2781,1973,3,2,0,1
"697",259181,11978,2483,2017,4,2,1,0
"698",240402,17610,2411,2018,4,2.5,1,0
"699",193713,13392,2041,1984,3,2.5,0,0
"700",153752,14821,1446,2004,3,1.5,0,1
"701",260035,13083,2544,1983,3,2,0,0
"702",188679,12189,1662,2014,3,1.5,0,1
"703",328796,14262,2814,2015,3,2,0,1
"704",256285,17201,2462,1977,4,2,1,0
"705",259926,10332,2462,2018,3,2.5,0,1
"706",119374,7720,836,2007,3,1.5,0,0
"707",219739,13846,2061,1990,3,2,0,1
"708",117289,9109,1261,2012,3,1.5,0,0
"709",140650,7569,1417,2013,3,1.5,0,1
"710",204815,8140,1837,2015,3,2.5,0,0
"711",271338,17706,2569,1989,3,2.5,0,0
"712",363918,21157,3704,2018,3,2,0,1
"713",156316,15856,1484,1987,3,1.5,0,1
"714",370226,16776,3855,2018,3,2,0,1
"715",457332,22764,4230,2015,3,2.5,0,1
"716",557354,25709,6522,2006,4,3.5,0,0
"717",128985,13909,1374,2000,3,1.5,0,1
"718",331139,12768,3212,1993,4,2,1,0
"719",267758,16499,2174,2019,3,2,0,1
"720",200501,18351,2002,2012,3,2,0,1
"721",224676,9034,2369,2012,3,2,0,0
"722",336952,20895,3240,2015,3,2,0,1
"723",228127,15682,1852,2018,3,2,0,1
"724",342278,22247,3054,1981,3,2,0,1
"725",314871,23143,2546,2019,3,2.5,0,1
"726",173596,15056,1657,2019,3,1.5,0,0
"727",125559,18967,1249,1985,3,1.5,0,0
"728",348200,18958,3297,2004,3,2,0,1
"729",189849,12276,1567,2017,3,1.5,0,0
"730",224522,15619,2629,1975,4,2,1,0
"731",214440,17831,2044,1981,3,2,0,1
"732",312822,19808,2492,1980,4,2,1,0
"733",167264,8629,1909,1991,3,2,0,0
"734",260950,14990,2598,2006,3,2,0,1
"735",240478,11938,2576,1985,3,2,0,0
"736",182625,11912,2206,2009,3,2,0,1
"737",280326,14408,2273,1990,3,2,0,1
"738",357084,17026,3547,1972,3,2,0,0
"739",352060,21807,3958,1979,4,2.5,0,1
"740",315558,20388,3102,1993,3,2,0,1
"741",343594,21067,3056,2005,3,2,0,1
"742",218007,11492,2039,2018,3,2,0,1
"743",163093,13451,1139,2015,4,2,1,0
"744",247437,15630,2660,2019,4,2,1,0
"745",286581,16986,3297,2017,3,2,0,1
"746",164108,10050,2236,1973,3,2,0,1
"747",141794,6384,1460,2010,3,2,0,1
"748",267466,12551,2906,2001,3,2,0,0
"749",307927,14457,3026,2002,3,2,0,0
"750",312136,14605,3825,2018,4,2,0,1
"751",325241,16235,3465,2004,3,2,0,1
"752",258042,13438,2786,2018,3,2,0,0
"753",225069,15495,1991,2012,3,2,0,1
"754",313942,20844,2741,2000,4,2.5,1,0
"755",147621,16022,1764,1991,4,2,1,0
"756",168196,13039,1269,2018,3,1.5,0,1
"757",260748,14017,3360,2017,3,2.5,0,0
"758",193746,12380,1847,2000,3,2,0,1
"759",323788,15781,3837,2009,4,2,0,1
"760",243119,13110,2775,1976,3,2,0,1
"761",246485,10870,2673,2014,3,2,0,0
"762",359390,15961,3323,2019,3,2,0,0
"763",552389,19366,5303,1990,4,2.5,0,1
"764",227939,11361,3035,2008,3,2.5,0,1
"765",309482,23770,3320,1999,3,2.5,0,0
"766",209604,20899,2545,2017,3,2,0,0
"767",396022,13622,3309,2001,3,2,0,1
"768",279135,16395,2712,2004,4,2,1,0
"769",109777,9939,1012,2004,4,1.5,1,0
"770",171928,10531,1573,2012,3,1.5,0,0
"771",242258,17530,2166,2007,3,2.5,0,1
"772",240867,12139,2271,2012,4,2,1,0
"773",233208,18582,2089,2010,3,2,0,0
"774",348350,17757,4391,1999,4,2,0,0
"775",225518,14278,1752,1998,3,2,0,1
"776",392553,12009,4757,1989,4,2,0,1
"777",308723,15400,3224,2018,3,2,0,1
"778",136946,18737,1118,2009,3,1.5,0,1
"779",197320,19876,1756,2014,3,2.5,0,1
"780",342286,13318,3073,2014,3,2,0,1
"781",155891,11827,1475,2016,4,1.5,1,0
"782",126266,19979,1348,1989,3,1.5,0,1
"783",214312,13386,1944,1995,3,2,0,1
"784",343625,18481,3948,2019,5,2,1,0
"785",196420,16051,1666,1975,4,1.5,1,0
"786",217821,11693,2003,2015,3,2.5,0,1
"787",178780,8733,1898,2016,3,2.5,0,1
"788",228513,21478,1808,2001,3,2,0,1
"789",225108,12004,1743,2001,3,1.5,0,0
"790",189679,13613,1487,2017,3,2.5,0,1
"791",151417,13816,1539,1976,4,2.5,1,0
"792",156729,13438,1535,2009,3,1.5,0,1
"793",223994,12925,1873,2018,4,2,1,0
"794",325101,12537,2806,1999,3,2,0,0
"795",306309,15618,3179,2005,3,2,0,0
"796",518898,22146,5551,1985,5,2,1,0
"797",275867,14506,3597,1984,3,2,0,0
"798",297733,16994,2498,2011,3,2,0,0
"799",286090,11972,2722,2014,3,2.5,0,1
"800",221309,16761,2018,1974,3,2,0,1
"801",337437,15021,3639,1998,3,2,0,0
"802",219591,16399,1701,2006,4,1.5,1,0
"803",279705,8702,3071,1991,4,2.5,1,0
"804",133377,15544,1093,2010,3,2.5,0,1
"805",438869,14252,4447,2011,3,2,0,1
"806",209976,14305,2343,1996,3,2,0,1
"807",370752,15462,4260,2011,4,2,0,1
"808",256914,23819,2976,1998,4,2,1,0
"809",258439,20503,2476,2003,3,2,0,1
"810",253930,15852,3200,1998,3,2,0,0
"811",322312,10655,3202,2017,3,2,0,0
"812",156567,15117,1360,1992,4,1.5,1,0
"813",294162,14494,2666,2013,3,2,0,0
"814",166908,12898,1636,2010,3,1.5,0,1
"815",219866,10436,2209,2007,3,2,0,0
"816",171015,11290,1759,2009,3,2.5,0,0
"817",301964,12284,2746,1978,3,2,0,1
"818",234191,15565,2856,2012,3,2,0,1
"819",242930,18168,3528,1997,3,2,0,1
"820",188281,17257,1667,1993,3,2.5,0,0
"821",271087,8956,2569,2009,3,2,0,1
"822",191758,12786,1862,1987,3,2,0,1
"823",361460,13499,3979,2018,4,2,0,0
"824",459003,25336,5344,2004,3,2,0,0
"825",230993,10632,2460,1992,3,2,0,0
"826",116094,13091,1446,1995,3,1.5,0,1
"827",256960,15655,2609,1980,4,2,1,0
"828",466235,18301,4605,2015,4,2,0,0
"829",190422,12627,1623,2010,3,2.5,0,0
"830",225408,12076,2353,1998,3,2,0,0
"831",190104,13802,1777,1984,4,1.5,1,0
"832",142682,11339,1111,2008,3,1.5,0,1
"833",161092,16427,1391,1995,3,2,0,1
"834",316611,7827,2709,1998,4,2,1,0
"835",329844,15694,2255,2018,3,2,0,1
"836",217745,16852,2110,1986,3,2.5,0,0
"837",236700,11961,2235,2016,3,2,0,1
"838",190315,18208,2082,1988,3,2,0,1
"839",290868,15408,2293,2016,3,2,0,0
"840",236006,10638,2203,2019,3,2,0,0
"841",245643,15220,2929,2015,3,2,0,0
"842",237914,18792,2461,2019,3,2,0,0
"843",188021,9977,1612,1997,3,1.5,0,1
"844",272275,14172,3254,1985,3,2,0,1
"845",193017,15952,1769,2003,4,1.5,1,0
"846",278800,15498,2874,2001,3,2,0,0
"847",109402,13234,1034,2011,4,1.5,1,0
"848",128358,8804,1312,2017,4,1.5,1,0
"849",200701,18339,2276,1997,3,2,0,0
"850",240983,11763,2252,2015,3,2,0,1
"851",375725,15683,3121,2007,4,2,1,0
"852",321324,17685,3914,2016,5,2,1,0
"853",301025,26242,2892,2011,3,2,0,0
"854",170125,13928,1942,1972,3,2,0,1
"855",197692,14907,2524,1976,3,2,0,1
"856",291976,12624,2774,1986,4,2,1,0
"857",257134,13957,1903,2006,4,2,1,0
"858",183616,12658,1899,2003,3,2,0,1
"859",148349,6181,1274,2012,3,1.5,0,1
"860",210925,14457,2210,2000,3,2,0,1
"861",345060,16884,2887,2015,3,2,0,1
"862",265132,15891,2353,2018,3,2,0,0
"863",142893,13009,1804,2004,3,2,0,1
"864",270856,13750,3557,1976,3,2.5,0,0
"865",167032,18594,1968,2004,3,2,0,0
"866",261138,19791,2812,2019,3,2,0,1
"867",211772,15423,2182,2014,3,2,0,1
"868",291996,22065,2613,1997,4,2,1,0
"869",239414,15354,2099,1998,3,2,0,1
"870",175257,11992,1664,1999,3,1.5,0,1
"871",332611,14649,3422,2003,3,2,0,1
"872",411791,19448,4224,1982,4,2,0,0
"873",262058,5973,2814,2015,3,2,0,1
"874",308647,8379,3185,2015,3,2,0,0
"875",184452,13983,1723,2010,3,1.5,0,1
"876",173229,10746,2004,1974,3,2,0,0
"877",239943,6745,2941,1973,3,2,0,0
"878",278218,20216,3033,1977,3,2,0,1
"879",176530,11012,2384,1975,4,2,1,0
"880",330438,21455,2871,2018,3,2,0,1
"881",233281,15393,2310,2009,3,2,0,1
"882",400518,19115,3126,2017,3,2,0,0
"883",149384,17154,1237,2016,4,1.5,1,0
"884",240343,13676,2529,2010,3,2,0,0
"885",215580,14985,2085,1983,3,2,0,1
"886",230317,11280,2972,2016,3,2,0,1
"887",177913,9852,2001,2016,3,2,0,1
"888",229672,20837,2138,1985,3,2,0,1
"889",280012,13585,2829,1977,3,2,0,1
"890",206847,16355,2251,1988,3,2,0,1
"891",340436,15370,3587,1992,3,2,0,0
"892",383342,14704,4042,1998,5,2,1,0
"893",128184,14282,973,1998,2,1,0,1
"894",330864,22271,3446,1979,3,2.5,0,0
"895",235603,17244,2890,1982,3,2,0,1
"896",238424,13179,2054,2017,4,2,1,0
"897",365100,21738,3889,1997,4,2,0,0
"898",266915,13064,2424,1995,3,2.5,0,0
"899",355077,12419,2559,2001,3,2.5,0,1
"900",221031,12854,1436,1988,3,1.5,0,1
"901",182083,12640,1961,2003,3,2,0,0
"902",285522,20567,2920,1994,3,2,0,1
"903",190297,14925,1605,2011,4,2,1,0
"904",347556,19300,4277,2003,5,2,1,0
"905",193488,14270,2120,2009,4,2,1,0
"906",228052,18050,2185,1986,3,2,0,1
"907",248287,19526,1988,2010,3,2,0,1
"908",229282,7089,1970,2011,3,2,0,1
"909",275905,16094,2565,1998,3,2,0,1
"910",209666,15125,2102,2019,4,2,1,0
"911",297956,13948,2195,2003,3,2,0,1
"912",211170,16622,2107,2000,3,2,0,0
"913",267375,18179,2857,2004,3,2,0,1
"914",269107,12654,3266,1995,4,2.5,1,0
"915",168899,13808,2111,2014,4,2,1,0
"916",398218,23903,4614,2003,4,2,0,0
"917",213640,6733,1620,2017,3,1.5,0,0
"918",208228,11965,2063,2019,3,2,0,1
"919",155150,13956,1440,1990,3,1.5,0,0
"920",228471,10961,2170,2010,3,2.5,0,1
"921",180600,15092,2209,1989,4,2.5,1,0
"922",267169,21158,2962,2015,3,2,0,1
"923",174123,18897,1180,2004,3,1.5,0,0
"924",279353,15684,2739,2008,4,2.5,1,0
"925",277578,20597,3907,1992,3,2.5,0,1
"926",193951,13836,2384,1981,4,2,1,0
"927",627193,20584,6116,1998,4,3.5,0,1
"928",176331,13318,1426,2019,3,1.5,0,0
"929",239730,12660,2612,1996,3,2,0,0
"930",135527,9657,1247,2019,3,1.5,0,1
"931",296264,17232,2729,1999,3,2,0,1
"932",182244,11654,1946,2006,3,2,0,0
"933",479422,19460,5477,2010,3,2,0,1
"934",253813,5930,3103,2011,3,2,0,0
"935",475764,17727,4511,1984,3,2.5,0,1
"936",221127,23649,1869,2006,3,2,0,0
"937",265277,16115,2642,2016,3,2,0,0
"938",139812,10401,1468,1979,4,2.5,1,0
"939",453904,21494,4285,2019,3,2.5,0,0
"940",177430,14116,1977,2001,3,2.5,0,1
"941",173456,9536,2204,2006,3,2,0,0
"942",189690,19204,1791,1986,3,1.5,0,1
"943",186933,10788,2099,2007,3,2.5,0,1
"944",249518,10433,2628,2019,3,2.5,0,0
"945",326897,18590,3287,2009,3,2,0,1
"946",341115,18589,2847,1992,3,2,0,0
"947",225440,11952,1942,1983,3,2,0,0
"948",427853,21166,5076,1982,4,2.5,1,0
"949",271581,17876,3242,1985,4,2,1,0
"950",182605,10770,2139,2013,3,2,0,1
"951",287421,14645,2616,1980,3,2,0,1
"952",204159,22274,2684,1976,3,2,0,0
"953",444558,19026,5048,1973,5,2,1,0
"954",276251,12480,2772,2012,3,2,0,0
"955",188176,11353,2126,2006,3,2.5,0,1
"956",128886,16821,1343,1978,4,1.5,1,0
"957",234400,14525,2179,1989,3,2.5,0,1
"958",476261,22816,4798,2004,5,2,1,0
"959",187676,19474,1823,2019,4,2,1,0
"960",261008,12084,3114,2018,3,2,0,1
"961",205211,8719,2133,1992,4,2,1,0
"962",331326,21880,2532,2013,3,2,0,0
"963",224560,14101,2351,1990,3,2,0,1
"964",268688,12523,2364,1992,3,2,0,1
"965",311357,15437,3233,2015,3,2,0,1
"966",189171,10024,1786,2005,4,1.5,1,0
"967",198218,13729,1945,2012,3,2,0,0
"968",158885,12876,1736,2013,3,2.5,0,1
"969",428824,19543,3630,2017,3,2,0,1
"970",291231,13289,3050,2019,3,2.5,0,0
"971",140530,10555,1118,1997,3,1.5,0,1
"972",203732,15394,1305,2000,3,1.5,0,0
"973",158483,19177,1963,1987,3,2,0,1
"974",470138,14681,4549,2017,3,2,0,0
"975",130621,14069,1741,1995,3,1.5,0,1
"976",241533,17274,2186,1985,3,2,0,0
"977",242557,14437,2573,2012,4,2,1,0
"978",158927,15192,1470,1996,3,1.5,0,0
"979",314720,14929,4510,2011,4,2.5,0,1
"980",352032,23429,4629,1982,5,2,1,0
"981",205109,9475,1802,2018,4,2,1,0
"982",326043,24181,3332,1985,4,2,1,0
"983",180938,14596,1924,1979,3,2,0,0
"984",229630,18575,2045,2004,3,2,0,1
"985",295592,14532,2961,2012,3,2,0,1
"986",266232,14309,2132,2014,3,2,0,1
"987",247563,10568,2826,2003,3,2,0,1
"988",263996,15754,2515,1982,4,2,1,0
"989",247559,14495,2101,1994,3,2,0,0
"990",420076,19005,3564,2016,3,2,0,0
"991",143442,14081,981,1983,2,1,0,0
"992",204125,14736,2401,2003,3,2.5,0,0
"993",333957,20015,4958,2000,5,2,1,0
"994",291476,16020,2481,1979,3,2.5,0,1
"995",209056,10925,2132,2016,3,2.5,0,1
"996",172897,10307,1504,1991,3,1.5,0,1
"997",252372,14960,2950,2015,4,2.5,1,0
"998",361746,14855,4078,2009,4,2,0,1
"999",368385,17398,3056,1997,3,2,0,1
"1000",436770,13787,3481,2019,3,2,0,1
